INSERT INTO "ep_shop"("id","userId","name","location","image","createdAt","updatedAt") VALUES
('3YPYOANPJDRHRBSMF3XWB','user_2bitRp95YHmq7rgR8O9ZxnAlYAA','Sawdust Dreams','Giethoorn','3YPYOANPJDRHRBSMF3XWB.webp','2024-01-31 23:45:22','2024-02-01 09:30:32'),
('5HILMDCFQ4_QWKDJCOLEP','user_2birlOHo98ngKzAJh2joyihhZE5','Pixel Parlor','Timbuktu','5HILMDCFQ4_QWKDJCOLEP.webp','2024-01-31 21:39:13','2024-02-01 09:30:32'),
('6MWGJA8FW_1EHY2ZUGVVM','user_2birvEULnvF7ezuXJOvVB8iuE6o','Opulent Ovens','Harbin','6MWGJA8FW_1EHY2ZUGVVM.webp','2024-01-31 22:47:00','2024-02-01 09:30:32'),
('DD136FLO3_M6MGPQ2PAOB','user_2bjDLALCcYUg6uRwNwq7xfEeKOS','Botanical Bliss','Trogir','DD136FLO3_M6MGPQ2PAOB.webp','2024-01-31 23:51:06','2024-02-01 09:30:32'),
('F8ZAZJC_IZFX8Z7V9XRUG','user_2bis2pQNwrIXVVWuhG44XDDeaq7','Bureaucratic Binders','Washington DC','F8ZAZJC_IZFX8Z7V9XRUG.webp','2024-01-31 23:24:07','2024-02-01 09:30:32'),
('IRKM97XD6M_5XGMB5BVX_','user_2bis01YLE6NNWIMxpZNOW9PByP4','Serenity Scribbles','Mombasa','IRKM97XD6M_5XGMB5BVX_.webp','2024-01-31 23:12:15','2024-02-01 09:30:32'),
('JTLVH3VYDZTF6PVLQWYKB','user_2birnw936ChPrgRHw5ClAQtDFUb','POWERHUB','Yakutsk','JTLVH3VYDZTF6PVLQWYKB.webp','2024-01-31 22:26:13','2024-02-01 09:30:32'),
('NEQMPVCMMOTSFITWZWXMR','user_2birpHp9gHHr7ImvMUmSN6Foxev','SkyNet Robotics','Rotorua','NEQMPVCMMOTSFITWZWXMR.webp','2024-01-31 22:41:56','2024-02-01 09:30:32'),
('Q8VYDDKZF0Z9UR4KZDZQN','user_2bis4w4NDjLnX33eC1HKlS1pWWE','Parchment & Quill','Marbella','Q8VYDDKZF0Z9UR4KZDZQN.webp','2024-01-31 23:30:15','2024-02-01 09:30:32'),
('QOJCOJZWOQZDUFCWFFPTL','user_2birwWUFhYnC4HZJS3YFAXGZWQI','Kiyome Appliances','Hamatonbetsu','QOJCOJZWOQZDUFCWFFPTL.webp','2024-01-31 22:55:16','2024-02-01 09:30:32'),
('TDPEAFPV6CENWW3CPN8EW','user_2bis1X8sPWI7jZFjlA2lLXiGBIA','Mystical Adornments','Malang','TDPEAFPV6CENWW3CPN8EW.webp','2024-01-31 23:15:53','2024-02-01 09:30:32'),
('VDN6SHRCV4GVH3FA5R5JT','user_2biryRp26tTItSPiKHeDBng1fSC','Furusato Furnishings','Kanegasaki','VDN6SHRCV4GVH3FA5R5JT.webp','2024-01-31 23:02:48','2024-02-01 09:30:32');

INSERT INTO "ep_catalog"("id","shopId","name","createdAt","updatedAt") VALUES
('-LGSmc0sPWLIrJVODxHKF','QOJCOJZWOQZDUFCWFFPTL','Artisanal Ironing Boards','2024-02-01 14:54:09',NULL),
('0rIzVnypT7LgG6uHgxX9M','VDN6SHRCV4GVH3FA5R5JT','Naniwa Fluffy Blankets','2024-02-01 16:32:29',NULL),
('2JGLrXcXwubeo5wLB8Erk','6MWGJA8FW_1EHY2ZUGVVM','Old but Gold','2024-02-01 14:10:35',NULL),
('78XkED1tfb-qWn4T5iEi3','IRKM97XD6M_5XGMB5BVX_','Greeting Cards','2024-02-01 16:46:16',NULL),
('8U-eP18dMUSlyhDRFBxZL','JTLVH3VYDZTF6PVLQWYKB','Miscellaneous','2024-02-01 13:54:47',NULL),
('AVLggxsBbKWBQOQxsw4mB','JTLVH3VYDZTF6PVLQWYKB','Power Banks','2024-02-01 13:51:13',NULL),
('b_W7wTCCX-CYjxJdEIzsz','NEQMPVCMMOTSFITWZWXMR','Drones','2024-02-01 14:00:34',NULL),
('c2-3BZjZEzoZelsI692Zh','Q8VYDDKZF0Z9UR4KZDZQN','Notepads and Notebooks','2024-02-01 17:00:51',NULL),
('CoMFgslX3b29ijBb0BzRn','Q8VYDDKZF0Z9UR4KZDZQN','Index Cards','2024-02-01 17:01:45',NULL),
('cXeol0zapStjfySq239wn','TDPEAFPV6CENWW3CPN8EW','Rings and Earrings','2024-02-01 16:50:39','2024-02-01 16:51:54'),
('d08arz3yKTKnlB3CBMfR4','5HILMDCFQ4_QWKDJCOLEP','Media Players','2024-02-01 13:41:34',NULL),
('eNWq1lT3kSZVasRTCasvW','QOJCOJZWOQZDUFCWFFPTL','Therapeutic Steam Irons','2024-02-01 14:54:48',NULL),
('EsTbD0LGBF7Zege41HGQ3','TDPEAFPV6CENWW3CPN8EW','Necklace and Bracelets','2024-02-01 16:51:19',NULL),
('f341bVQYGIhH4yPyGTHpV','6MWGJA8FW_1EHY2ZUGVVM','Flagship Ovens','2024-02-01 14:07:31',NULL),
('gukKcDPEIjbWoW6MUbaTc','6MWGJA8FW_1EHY2ZUGVVM','Air Fryers','2024-02-01 14:09:53',NULL),
('hosK56GY3yRyGXvnD6vYE','IRKM97XD6M_5XGMB5BVX_','Pastel Isometrics','2024-02-01 16:47:22',NULL),
('jzYF0S2aXB9W4YA9HJa5w','5HILMDCFQ4_QWKDJCOLEP','Neon TV','2024-02-01 13:37:44',NULL),
('KyM9f1sEWJqVmAuTmUNH9','QOJCOJZWOQZDUFCWFFPTL','Nippon Dryers','2024-02-01 14:13:29',NULL),
('N5dbLHaLt8lRjEKa7jHB9','3YPYOANPJDRHRBSMF3XWB','Other Crafting Stuffs','2024-02-01 17:07:12',NULL),
('oFOZCm7rcTu8bGhdysUti','NEQMPVCMMOTSFITWZWXMR','Bionic Pets','2024-02-01 14:00:08',NULL),
('QiViaFx65wGwuSO2vOjTM','DD136FLO3_M6MGPQ2PAOB','Seeds & Pots','2024-02-01 17:09:30',NULL),
('rlcK2FygNxkFiIwGUkLS6','Q8VYDDKZF0Z9UR4KZDZQN','Natural Goodies','2024-02-01 17:02:16',NULL),
('S2tEK8ICQDOuHGmcpVtO1','VDN6SHRCV4GVH3FA5R5JT','Attakai Heaters','2024-02-01 16:34:12',NULL),
('S7WkJtT02MTn7y7eSHQ0t','IRKM97XD6M_5XGMB5BVX_','Bookmarks','2024-02-01 16:46:25',NULL),
('SEg6GtQr3LDvU9ylral0V','F8ZAZJC_IZFX8Z7V9XRUG','Binders','2024-02-01 16:53:44',NULL),
('SQLn98hxLFLplNO0CBZ9o','IRKM97XD6M_5XGMB5BVX_','Journals','2024-02-01 16:47:00',NULL),
('TKhy8D8cH_Ko3c35cEYoA','3YPYOANPJDRHRBSMF3XWB','Woodworking Tools','2024-02-01 17:05:14',NULL),
('UEmzJ8-dFE9jNHa12EdGV','5HILMDCFQ4_QWKDJCOLEP','Neon Accessories','2024-02-01 13:42:50',NULL),
('V9wOTqtuUVhtA_CmKlGma','3YPYOANPJDRHRBSMF3XWB','Workbenches','2024-02-01 17:05:37',NULL),
('wMvB8W5GCzPEJfh-yUcNM','5HILMDCFQ4_QWKDJCOLEP','TV Stands & Mounts','2024-02-01 13:40:38',NULL),
('Ws4zeYp8UCsQvHsnWhfpn','DD136FLO3_M6MGPQ2PAOB','Nice decorations','2024-02-01 17:09:44',NULL),
('xvXxY52QbRTxjBkXDAg-z','JTLVH3VYDZTF6PVLQWYKB','USB-C Cables','2024-02-01 13:50:43',NULL),
('YkNi8K2fmQNkJx1Uzy-tL','F8ZAZJC_IZFX8Z7V9XRUG','Folders','2024-02-01 16:53:53',NULL),
('zR2CnmwcrgXqMnSRSnRTO','DD136FLO3_M6MGPQ2PAOB','Gardening Tools','2024-02-01 17:08:57',NULL),
('zy4iiU6xK1l0gu-cSmcym','F8ZAZJC_IZFX8Z7V9XRUG','Files & Labels','2024-02-01 16:54:30',NULL);

INSERT INTO "ep_category"("id","name") VALUES
(1,'Electronics and Gadgets'),
(2,'Home and Kitchen Appliances'),
(3,'Handmade and Craft Items'),
(4,'Office Supplies'),
(5,'Gardening Tools and Plants'),
(6,'DIY and Hardware Tools');

INSERT INTO "ep_product"("id","shopId","name","description","image","price","condition","stock","categoryId","createdAt","updatedAt") VALUES
('_L9dwDRBIgAp-kmfqn6pU','3YPYOANPJDRHRBSMF3XWB','Vintage Carpenter''s Tool Set','Embrace the authentic charm of our Vintage Carpenter''s Tool Set. This 35-piece collection includes essential hand tools for woodworking, each with aged patina for an authentic, rustic look. Perfect for hobbyists and pros alike.','_L9dwDRBIgAp-kmfqn6pU.webp',4999,'used',17,5,'2024-02-01 11:31:04','2024-02-01 16:32:49'),
('_sFfd6LBmWnm5ghEYVXWk','IRKM97XD6M_5XGMB5BVX_','Pastel Isometric Flower Greeting Card','A beautifully crafted handmade greeting card featuring a pastel isometric flower design. The hyper-realistic art style adds a touch of elegance and sophistication to this unique card. Ideal for expressing joy, love, or appreciation.','_sFfd6LBmWnm5ghEYVXWk.webp',599,'new',12,3,'2024-02-01 10:58:39','2024-02-01 16:32:49'),
('-FyaYgyYaAka3Ix7msvMY','5HILMDCFQ4_QWKDJCOLEP','Retro VHS Cassette Rack','Add a touch of nostalgia to your home theater setup with our Retro VHS Cassette Rack. Holding up to 100 tapes, this sturdy and stylish rack is the perfect storage solution for your collection. Used condition. Stock: 45.','-FyaYgyYaAka3Ix7msvMY.webp',2999,'used',NULL,1,'2024-02-01 09:42:42','2024-02-01 16:32:49'),
('-QyRALvsK3nPzhnUBQbaN','TDPEAFPV6CENWW3CPN8EW','Turquoise Stone Ring','Handcrafted turquoise stone ring with a Southwestern flair. The vibrant blue-green stones add a touch of color and character to this unique accessory.','-QyRALvsK3nPzhnUBQbaN.webp',2999,'new',10,3,'2024-02-01 11:05:35','2024-02-01 16:32:49'),
('-y2XA5aYPJCytuKIrwdyP','QOJCOJZWOQZDUFCWFFPTL','Compact Japanese Clothes Dryer','This compact Japanese clothes dryer is perfect for small spaces. Its energy-efficient design and quick drying times make it an essential addition to any home. Capacity: 3kg.','-y2XA5aYPJCytuKIrwdyP.webp',29999,'new',18,2,'2024-02-01 10:45:14','2024-02-01 16:32:49'),
('0D7ZRMkaT1lBu2Tm7purS','VDN6SHRCV4GVH3FA5R5JT','Japanese-Style Heated Blanket','Experience ultimate coziness with our traditional Japanese-style electric blanket, featuring intricate designs and warm, even heating. Rejuvenate your body and mind after long days.','0D7ZRMkaT1lBu2Tm7purS.webp',5999,'new',17,2,'2024-02-01 10:51:01','2024-02-01 16:32:49'),
('132D1QE6DzDlZ-8agOb16','6MWGJA8FW_1EHY2ZUGVVM','Luxury 7-in-1 Air Fry Toaster Oven','Experience the ultimate cooking convenience with our 7-in-1 Air Fry Toaster Oven. Sleek design, large capacity, and versatile functions including air fry, bake, broil, roast, convection, dehydrate, and toast. Perfect for healthy meals, family gatherings, or quick snacks. Easy-to-use digital controls and non-stick interior.','132D1QE6DzDlZ-8agOb16.webp',39999,'new',50,2,'2024-02-01 10:35:16','2024-02-01 16:32:49'),
('1cQgT4pSy_Qrme_N5MHRt','Q8VYDDKZF0Z9UR4KZDZQN','Nature''s Palette Notebook Set','A collection of 3 eco-friendly notebooks, each with 100 pages, made of recycled paper. Forest green cover with brown fibers, evoking the beauty of a forest floor. Perfect for jotting down ideas, lists, or notes. Comes with a pen holder and a pack of 10 forest green pens.','1cQgT4pSy_Qrme_N5MHRt.webp',2499,'new',25,4,'2024-02-01 11:15:32','2024-02-01 16:32:49'),
('1jh7KF3wn29VXKTsn1ULP','IRKM97XD6M_5XGMB5BVX_','Vintage Bookmark Set','A set of handmade vintage bookmarks, each adorned with unique patterns and colors. These eco-friendly paper goods are perfect for avid readers looking to mark their place in a book with style.','1jh7KF3wn29VXKTsn1ULP.webp',75,'used',4,3,'2024-02-01 10:58:56','2024-02-01 16:32:49'),
('24ksDIq5Q2qesFaA5PQp8','DD136FLO3_M6MGPQ2PAOB','Stainless Steel Pruner Set','High-quality stainless steel pruner set for all your gardening needs. Includes one pair of bypass pruners and one pair of anvil pruners. Sharp blades for clean, efficient cuts.','24ksDIq5Q2qesFaA5PQp8.webp',2299,'new',8,5,'2024-02-01 11:40:25','2024-02-01 16:32:49'),
('3MVLzG-J2OddmV8qBaVHu','F8ZAZJC_IZFX8Z7V9XRUG','Used Isometric Binder Collection','Used isometric binders (5) set with assorted labels (25). Dull colors, slightly worn appearance. Hyper-realistic design.','3MVLzG-J2OddmV8qBaVHu.webp',2999,'used',7,4,'2024-02-01 11:10:03','2024-02-01 16:32:49'),
('4CG2AW1zxqESXSRlmeOm9','3YPYOANPJDRHRBSMF3XWB','Antique Woodcarver''s Set','Our Antique Woodcarver''s Set is a must-have for any serious woodcarver. This comprehensive collection includes a variety of chisels, gouges, and other essential tools, all with intricate, vintage designs and aged patina. Perfect for adding detail and character to your woodworking projects.','4CG2AW1zxqESXSRlmeOm9.webp',19999,'used',12,5,'2024-02-01 11:31:56','2024-02-01 16:32:49'),
('4LWIVZbVXnQg9n3bgETkx','3YPYOANPJDRHRBSMF3XWB','Industrial-Style Adjustable Workbench','Our industrial-style adjustable workbench is made from heavy-duty steel and features a sleek, modern design. It offers ample workspace and can be easily adjusted to accommodate a variety of projects. Complete your workshop with this versatile and functional workstation.','4LWIVZbVXnQg9n3bgETkx.webp',14999,'new',52,5,'2024-02-01 11:29:21','2024-02-01 16:32:49'),
('4t6n2HDQ_Tg7ryq-9UyhT','JTLVH3VYDZTF6PVLQWYKB','Retro USB-C Cable','Step back in time with our Retro USB-C Cable, featuring a vintage design inspired by classic telephone cables. This 1-meter long cable is perfect for charging your modern devices with a nostalgic touch. New condition, in stock: 7.','4t6n2HDQ_Tg7ryq-9UyhT.webp',1299,'new',NULL,1,'2024-02-01 09:52:39','2024-02-01 16:32:49'),
('5ahAL2SXNKeD8eIb_2WgA','6MWGJA8FW_1EHY2ZUGVVM','Luxury 7-in-1 Air Fryer Oven Combo','Experience the ultimate cooking convenience with our 7-in-1 Air Fryer Oven Combo. This sleek and modern appliance functions as an air fryer, microwave, convection oven, dehydrator, roaster, broiler, and toaster. Effortlessly cook your favorite meals with adjustable temperature control and digital touch screen. Capacity: 15L. Dimensions: 30 x 22 x 32 cm. Comes with a recipe book and a 2-year warranty.','5ahAL2SXNKeD8eIb_2WgA.webp',39999,'new',25,2,'2024-02-01 10:38:12','2024-02-01 16:32:49'),
('62jIdGZaocGxY4GRbuzIc','5HILMDCFQ4_QWKDJCOLEP','Neon Dreams Smart TV','Experience immersive entertainment with our Neon Dreams Smart TV. Equipped with 4K Ultra HD resolution, HDR10 support, and built-in Wi-Fi, this TV delivers stunning picture quality and seamless connectivity. Compatible with popular streaming services and voice control. New condition. Stock: 23.','62jIdGZaocGxY4GRbuzIc.webp',89999,'new',NULL,1,'2024-02-01 09:42:18','2024-02-01 16:32:49'),
('75ucY3MGHCTsXllYSte3u','VDN6SHRCV4GVH3FA5R5JT','Pre-Owned Heated Mattress Pad','This gently used heated mattress pad is in excellent condition and will help you sleep more comfortably. Quick heating and adjustable temperature settings make it a great addition to your bed. Save money while enjoying the benefits of a warm, cozy sleeping experience.','75ucY3MGHCTsXllYSte3u.webp',2999,'used',17,2,'2024-02-01 10:48:25','2024-02-01 16:32:49'),
('7A_WfoEfGARL3gXS8p2ss','6MWGJA8FW_1EHY2ZUGVVM','Slimline Air Fryer Toaster Oven','Enjoy the versatility of a compact air fryer toaster oven, perfect for small kitchen spaces. This appliance functions as an air fryer, convection oven, and toaster, allowing you to cook a variety of meals with ease. Adjustable temperature control and a digital display for precise cooking. Capacity: 12L. Dimensions: 30 x 25 x 35 cm.','7A_WfoEfGARL3gXS8p2ss.webp',12999,'new',42,2,'2024-02-01 10:38:49','2024-02-01 16:32:49'),
('7EGJQNAyQFIDVPJW6sCJI','DD136FLO3_M6MGPQ2PAOB','Organic Vegetable Seed Kit','Plant your own organic vegetable garden with this hand-picked seed kit. Includes tomatoes, peppers, carrots, and radishes. Easy-to-grow seeds guaranteed to sprout!','7EGJQNAyQFIDVPJW6sCJI.webp',1299,'new',25,5,'2024-02-01 11:39:41','2024-02-01 16:32:49'),
('7x7q4vKVUOKMryKTuahKT','VDN6SHRCV4GVH3FA5R5JT','Heated Throw Blanket','Snuggle up in our luxuriously soft heated throw blanket, perfect for those chilly evenings in. Adjustable heat settings and a stylish design make it a must-have for your home.','7x7q4vKVUOKMryKTuahKT.webp',7999,'used',8,2,'2024-02-01 10:52:09','2024-02-01 16:32:49'),
('88j9IHXhfN3MG4BZwzaCx','QOJCOJZWOQZDUFCWFFPTL','High-Efficiency Japanese Dryer','This high-efficiency Japanese dryer saves energy while providing quick drying times. Its sleek design fits perfectly with any modern kitchen. Capacity: 8kg. Dimensions: 49cm(H) x 56cm(W) x 52cm(D).','88j9IHXhfN3MG4BZwzaCx.webp',79999,'new',7,2,'2024-02-01 10:44:01','2024-02-01 16:32:49'),
('9EI4j8qGxfoeoT05IMye5','5HILMDCFQ4_QWKDJCOLEP','Neon Dreams Smart TV with Retro Accessories','Experience the future with our Neon Dreams Smart TV. This 65-inch 4K Ultra HD TV boasts stunning picture quality and vibrant colors, perfect for your home entertainment needs. Included are retro accessories in vaporwave art style: a neon pink and blue remote control, a neon green soundbar, and a colorful pixel art-inspired stand. Upgrade your living room with this eye-catching and functional package.','9EI4j8qGxfoeoT05IMye5.webp',129999,'new',NULL,1,'2024-02-01 09:24:21','2024-02-01 16:32:49'),
('9En1QuDVZsA7xL9PIwIhk','DD136FLO3_M6MGPQ2PAOB','Garden Hoe with Wood Handle','Heavy-duty garden hoe with a wooden handle for comfortable use. Effectively weeds and cultivates soil. Size: 36 inches long.','9En1QuDVZsA7xL9PIwIhk.webp',2999,'used',10,5,'2024-02-01 11:41:12','2024-02-01 16:32:49'),
('apXxSVuQ0-ud4dFFOcgyf','IRKM97XD6M_5XGMB5BVX_','Vintage Bookmark Set with Quotes','Set of 3 handmade bookmarks made from repurposed pages of old books. Each bookmark features a motivational quote in elegant script font. Measures 9 inches long. Perfect for avid readers and stationery lovers.','apXxSVuQ0-ud4dFFOcgyf.webp',75,'used',6,3,'2024-02-01 10:57:21','2024-02-01 16:32:49'),
('awD1iMIv5mW6edxVSx6fO','F8ZAZJC_IZFX8Z7V9XRUG','Used Isometric Binder','Used isometric binder. Dull colors, worn surfaces. Hyper-realistic design.','awD1iMIv5mW6edxVSx6fO.webp',799,'used',12,4,'2024-02-01 11:11:06','2024-02-01 16:32:49'),
('ax7FjYNjail08MrBdcNaR','QOJCOJZWOQZDUFCWFFPTL','Traditional Japanese Stackable Washer Dryer Combo','Experience the harmony of Japanese design with our stackable washer dryer combo. Engineered for efficiency and elegance, this appliance features a minimalist aesthetic with smooth lines and a subtle color palette. The washer boasts a large capacity drum and advanced technology for optimal cleaning, while the dryer ensures even heating and quick drying. Complete the set with the included foldable ironing board and steam iron, both embodying the same traditional Japanese design.','ax7FjYNjail08MrBdcNaR.webp',159999,'new',15,2,'2024-02-01 10:41:48','2024-02-01 16:32:49'),
('AyVTy6pF8pVg4vD96vSO5','QOJCOJZWOQZDUFCWFFPTL','Contemporary Japanese Ironing Board','Combining style and functionality, this contemporary Japanese ironing board is a must-have for any modern home. Its compact design, smooth surface, and unique features make ironing a breeze.','AyVTy6pF8pVg4vD96vSO5.webp',6999,'new',54,2,'2024-02-01 10:45:46','2024-02-01 16:32:49'),
('bpAiR67hJW8noI_QJloaF','F8ZAZJC_IZFX8Z7V9XRUG','Corporate Isometric Label Pack','New, isometric label pack (100). Dull corporate colors, white text. Hyper-realistic design.','bpAiR67hJW8noI_QJloaF.webp',1499,'new',42,4,'2024-02-01 11:10:18','2024-02-01 16:32:49'),
('c_RxOFB0Mug8S5o_lUW4i','3YPYOANPJDRHRBSMF3XWB','Sustainable Hardwood Workbench','Crafted from ethically sourced hardwood and built to last, our Sustainable Workbench offers ample space and versatility for your woodworking projects. With a sturdy design and adjustable vise, it''s an essential addition to your workshop.','c_RxOFB0Mug8S5o_lUW4i.webp',399,'new',5,5,'2024-02-01 11:31:20','2024-02-01 16:32:49'),
('cBtxKqoeYwDLkp8UqTaUs','VDN6SHRCV4GVH3FA5R5JT','Heated Rice Cooker','Prepare warm and delicious meals with our premium heated rice cooker, designed with Japanese precision and functionality. Enjoy consistent, even heating and easy-to-use features.','cBtxKqoeYwDLkp8UqTaUs.webp',12999,'new',10,2,'2024-02-01 10:53:01','2024-02-01 16:32:49'),
('ceHvmk-KIpLDUayvOedlj','TDPEAFPV6CENWW3CPN8EW','Mystical Moonstone Earrings','Handcrafted moonstone earrings with intricate silver filigree design. Moonstones shimmer with inner light, adding a touch of ethereal beauty to your look.','ceHvmk-KIpLDUayvOedlj.webp',3599,'new',12,3,'2024-02-01 11:03:54','2024-02-01 16:32:49'),
('cEklJlB66vfpQmJwK5lm_','5HILMDCFQ4_QWKDJCOLEP','Glowing Blue Remote Control','Make your TV sessions even more immersive with our Glowing Blue Remote Control. Featuring intuitive buttons, a comfortable grip, and a cool, vaporwave-inspired design, this remote control makes navigating your favorite shows and movies a breeze. New condition. Stock: 7.','cEklJlB66vfpQmJwK5lm_.webp',1499,'new',NULL,1,'2024-02-01 09:43:16','2024-02-01 16:32:49'),
('cIyofQ3EzgSmh4qWBxkw_','3YPYOANPJDRHRBSMF3XWB','Rustic Woodworking Clamps','Our Rustic Woodworking Clamps are a must-have for any woodworking project. With a vintage design and adjustable functionality, they''re perfect for holding wood securely in place while you work. The weathered finish adds character and charm to your workshop.','cIyofQ3EzgSmh4qWBxkw_.webp',2999,'used',9,5,'2024-02-01 11:32:41','2024-02-01 16:32:49'),
('CubIlcEi0UDw2P03OHJmV','DD136FLO3_M6MGPQ2PAOB','Terracotta Self-Watering Garden Pot','Sleek, modern terracotta pot with built-in self-watering system. Perfect for succulents, herbs, and small flowers. Size: 12 inches in diameter and 10 inches in height.','CubIlcEi0UDw2P03OHJmV.webp',245,'new',12,5,'2024-02-01 11:40:09','2024-02-01 16:32:49'),
('cXE_CobPNtiyNFBC36h0g','3YPYOANPJDRHRBSMF3XWB','Vintage Carpenter''s Workbench with Drawers','This antique woodworking workbench, manufactured in the 1950s, boasts solid wood construction and includes three drawers for storing tools. Its weathered finish adds character and charm to any workshop.','cXE_CobPNtiyNFBC36h0g.webp',59999,'used',17,5,'2024-02-01 11:29:07','2024-02-01 16:32:49'),
('d9rmDsPh4Ratd4KiwDBwX','NEQMPVCMMOTSFITWZWXMR','Futuristic Drone-Pet: X-9 Quadcopter Pal','Meet X-9, the advanced drone-pet that combines the joy of a robotic companion with the thrill of flying technology. Equipped with AI facial recognition and voice command system, X-9 forms a unique bond with its owner. Its sleek, metallic design and durable build ensure longevity. Experience endless fun with X-9''s built-in games, and capture moments with an integrated HD camera.','d9rmDsPh4Ratd4KiwDBwX.webp',59999,'new',21,1,'2024-02-01 10:10:07','2024-02-01 16:32:49'),
('dgUyPlS8hWfnNCXBbRo0O','JTLVH3VYDZTF6PVLQWYKB','Fast Charging USB-C Cable','Stay powered up with our Fast Charging USB-C Cable. This high-performance cable delivers quick charging speeds, making it perfect for those on the go. New condition, in stock: 12.','dgUyPlS8hWfnNCXBbRo0O.webp',1599,'new',NULL,1,'2024-02-01 09:53:33','2024-02-01 16:32:49'),
('dhYSdz1QPL0wisQfQv6rE','F8ZAZJC_IZFX8Z7V9XRUG','Corporate Isometric File Set: Folders, Binders, Labels, Holders','This set includes 5 isometric file folders, 3 binders, 10 sets of labels, and 2 document holders in a corporate, dull color palette. Each item is meticulously crafted for a hyper-realistic look. New condition.','dhYSdz1QPL0wisQfQv6rE.webp',7999,'new',15,4,'2024-02-01 11:08:24','2024-02-01 16:32:49'),
('Dz00zOL8AWHr1Ub-o5o8u','QOJCOJZWOQZDUFCWFFPTL','Traditional Japanese Foldable Ironing Board','Experience the authentic Japanese ironing tradition with this beautiful, foldable ironing board. Made of sturdy wood and coated with a smooth finish, its compact design folds away neatly when not in use. Dimensions: 52cm(H) x 56cm(W) x 15cm(D).','Dz00zOL8AWHr1Ub-o5o8u.webp',4999,'new',15,2,'2024-02-01 10:43:46','2024-02-01 16:32:49'),
('eCuBgQ8RGzcWCSISCPmUK','IRKM97XD6M_5XGMB5BVX_','Pastel Isometric Flower Card Set','A beautiful collection of 5 handmade greeting cards, each featuring intricately designed isometric flowers in soft pastel hues. The cards measure 5 x 7 inches, blank inside for your personal message. Set includes 5 envelopes.','eCuBgQ8RGzcWCSISCPmUK.webp',1299,'new',15,3,'2024-02-01 10:57:04','2024-02-01 16:32:49'),
('edBSe1Xlj1DYNuKRuPbKe','F8ZAZJC_IZFX8Z7V9XRUG','Corporate Isometric File Set','New, high-quality isometric file folders (30) set with matching labels (60) and document holders (2). Dull corporate colors. Hyper-realistic design.','edBSe1Xlj1DYNuKRuPbKe.webp',9999,'new',50,4,'2024-02-01 11:09:42','2024-02-01 16:32:49'),
('eN70cM7Jwj-LHqpR24PLS','F8ZAZJC_IZFX8Z7V9XRUG','Used Isometric File Folders','Used isometric file folders (20). Dull colors, slightly worn surfaces. Hyper-realistic design.','eN70cM7Jwj-LHqpR24PLS.webp',999,'used',9,4,'2024-02-01 11:11:36','2024-02-01 16:32:49'),
('ESN3NH7FBlFqtZaY5TF2L','6MWGJA8FW_1EHY2ZUGVVM','Commercial-Grade Microwave Oven','Upgrade your commercial kitchen with our powerful and efficient commercial-grade microwave oven. Featuring a large capacity and adjustable temperature control, this heavy-duty appliance is perfect for high-volume food preparation. Capacity: 50L. Dimensions: 60 x 45 x 40 cm. Comes with a 3-year warranty.','ESN3NH7FBlFqtZaY5TF2L.webp',249999,'new',NULL,2,'2024-02-01 10:39:06','2024-02-01 16:32:49'),
('EvATnTr4NNCnAndvDSo0q','5HILMDCFQ4_QWKDJCOLEP','Lavender Gradient Soundbar','Upgrade your TV audio experience with our Lavender Gradient Soundbar. Featuring Bluetooth connectivity, 5 powerful speakers, and a sleek, vaporwave-inspired design, this soundbar delivers crisp, clear sound and adds a pop of color to your setup. New condition. Stock: 6.','EvATnTr4NNCnAndvDSo0q.webp',12999,'new',NULL,1,'2024-02-01 09:42:57','2024-02-01 16:32:49'),
('F0nU2l72JTEO0RuD_LDTx','JTLVH3VYDZTF6PVLQWYKB','CyberPower X100 Pro Power Bank','Experience uninterrupted power with our CyberPower X100 Pro Power Bank. This high-capacity device offers a sleek design and can charge your devices up to 3 times. With a cyberpunk art style, its neon lights illuminate the night, making it a must-have accessory for tech enthusiasts. Compatible with all USB devices, it''s perfect for travel or daily use.','F0nU2l72JTEO0RuD_LDTx.webp',3999,'new',21,1,'2024-02-01 09:49:50','2024-02-01 16:32:49'),
('f5y1Suz6_oo59ILB9i_Xb','JTLVH3VYDZTF6PVLQWYKB','Vintage USB Hub with USB-C Port','Add more functionality to your setup with our Vintage USB Hub. This retro-style hub features three USB 20 ports and one USB-C port, allowing you to charge and connect multiple devices at once. Used condition, in stock: 8.','f5y1Suz6_oo59ILB9i_Xb.webp',1999,'used',NULL,1,'2024-02-01 09:53:09','2024-02-01 16:32:49'),
('FgCLJGkACAZAmR8Uolryw','NEQMPVCMMOTSFITWZWXMR','Robo-Buddy: B-10 Robotic Cat','The B-10 robotic cat is your perfect companion, engineered for companionship and entertainment. With lifelike movements, AI-driven interactions, and varied behaviors, this robotic pet replicates the warmth and companionship of a real cat. Its maintenance-free design ensures worry-free ownership. Customize its appearance and behaviors using the companion app.','FgCLJGkACAZAmR8Uolryw.webp',39999,'used',65,1,'2024-02-01 10:10:25','2024-02-01 16:32:49'),
('gIbzDXs4aAKvWGGg5EzRs','JTLVH3VYDZTF6PVLQWYKB','CyberPower Deluxe 10000mAh Power Bank','Experience the fusion of technology and art with our CyberPower Deluxe Power Bank. This 10000mAh external battery boasts a sleek, cyberpunk design with neon accents and intricate circuitry patterns. Charge your devices on the go with ease and style. Comes with a USB-C cable and a micro-USB cable. New condition, in stock: 15.','gIbzDXs4aAKvWGGg5EzRs.webp',2999,'new',NULL,1,'2024-02-01 09:52:23','2024-02-01 16:32:49'),
('gMq12XmuvE18rSseGNzT9','NEQMPVCMMOTSFITWZWXMR','Futuristic X-9 Drone with 4K Camera','Experience aerial photography at its best with our X-9 Drone. Equipped with a 4K camera, this drone offers stunning image and video quality. Its sleek, metallic design is both futuristic and aerodynamic, ensuring stable flights. It also boasts intelligent features such as automatic return home and obstacle avoidance. Available in new condition with a stock of 25.','gMq12XmuvE18rSseGNzT9.webp',9995,'new',25,1,'2024-02-01 10:11:26','2024-02-01 16:32:49'),
('gu6I3-lQiZ_ryY_TZUjqz','Q8VYDDKZF0Z9UR4KZDZQN','Vintage Index Cards Set','A box of 100 index cards, each measuring 3 x 5 inches. Cream-colored cards with brown edges, reminiscent of old, worn books. Ideal for brainstorming, planning projects, or creating flashcards. Comes with a decorative, brown leather storage box.','gu6I3-lQiZ_ryY_TZUjqz.webp',999,'used',52,4,'2024-02-01 11:15:55','2024-02-01 16:32:49'),
('gUTn3bU9lJ3PPjhldycrY','TDPEAFPV6CENWW3CPN8EW','Sapphire Stone Ring','Handcrafted sapphire stone ring with a vintage look. The deep blue sapphire adds a touch of elegance and sophistication to this classic accessory.','gUTn3bU9lJ3PPjhldycrY.webp',14999,'new',8,3,'2024-02-01 11:04:53','2024-02-01 16:32:49'),
('GZ8a9Y1PamPI82ISnSx_q','VDN6SHRCV4GVH3FA5R5JT','Heated Mattress Pad','Our premium heated mattress pad provides consistent, soothing warmth and comfort to help you sleep better. Adjustable heat settings and flexible sizes cater to your preferences.','GZ8a9Y1PamPI82ISnSx_q.webp',9999,'new',42,2,'2024-02-01 10:51:16','2024-02-01 16:32:49'),
('Hb_T9euziG9JPMvhvgj7D','QOJCOJZWOQZDUFCWFFPTL','Vintage Steam Iron','Bringing you a piece of history, this vintage steam iron is a classic collector''s item. Featuring an iconic design and efficient performance, it is a must-have for any home. Heating element: 1100W.','Hb_T9euziG9JPMvhvgj7D.webp',9999,'used',2,2,'2024-02-01 10:44:15','2024-02-01 16:32:49'),
('HnAOkl8koJamir6MriUvp','Q8VYDDKZF0Z9UR4KZDZQN','Vintage Index Cards: Set of 50','Step back in time with these vintage index cards. Each card is made from recycled paper and features a unique, aged look. Perfect for organizing projects or brainstorming sessions. Set of 50.','HnAOkl8koJamir6MriUvp.webp',65,'used',27,4,'2024-02-01 11:18:29','2024-02-01 16:32:49'),
('HRuJ5X2sRcNOJghviFYVv','6MWGJA8FW_1EHY2ZUGVVM','Pre-Owned Microwave Oven with Rotating Turntable','Save money with our Pre-Owned Microwave Oven. This reliable and functional appliance comes with a rotating turntable for even cooking. Ideal for reheating leftovers, making quick meals, or warming up beverages. Please note that this is a used item and may show signs of wear. Comes with a 30-day return policy for peace of mind.','HRuJ5X2sRcNOJghviFYVv.webp',2499,'used',8,2,'2024-02-01 10:35:38','2024-02-01 16:32:49'),
('hs9Jcr9yMibFSmjgNJJsp','3YPYOANPJDRHRBSMF3XWB','Heirloom Quality Woodworking Lathe','Our Heirloom Quality Woodworking Lathe is a stunning, functional work of art. With a robust, vintage design and smooth, powerful operation, it''s an essential piece of equipment for creating intricate, curved wooden pieces. The polished wood finish adds a touch of elegance to any workshop.','hs9Jcr9yMibFSmjgNJJsp.webp',2499,'new',2,5,'2024-02-01 11:32:17','2024-02-01 16:32:49'),
('htOvpCvx2hbNFfUM71W3b','Q8VYDDKZF0Z9UR4KZDZQN','Bamboo Notepads: Set of 2','Experience the elegance of writing on eco-friendly bamboo notepads. Each notepad has 30 pages and comes in a set of 2. Made from 100% bamboo fiber and free of trees, these notepads are perfect for those who value sustainability.','htOvpCvx2hbNFfUM71W3b.webp',899,'new',45,4,'2024-02-01 11:19:50','2024-02-01 16:32:49'),
('hvQZv39G60MZrofAFFnXO','JTLVH3VYDZTF6PVLQWYKB','Wireless Charging Pad','Say goodbye to cables with our Wireless Charging Pad. This Qi-certified pad allows for wireless charging of compatible devices, providing a convenient and clutter-free charging solution. New condition, in stock: 2.','hvQZv39G60MZrofAFFnXO.webp',2499,'new',NULL,1,'2024-02-01 09:53:50','2024-02-01 16:32:49'),
('i-bgSW4dSGGaRGBMf4vWk','Q8VYDDKZF0Z9UR4KZDZQN','Graph Paper Notepad: 100 Sheets','For the architects, engineers, and problem solvers among us, this graph paper notepad is a must-have. With 100 sheets, you''ll have plenty of space to map out your next project or solve a complex equation. Don''t let your ideas go unrecorded!','i-bgSW4dSGGaRGBMf4vWk.webp',799,'new',32,4,'2024-02-01 11:19:16','2024-02-01 16:32:49'),
('j11Z3s84ohAaRaDq7mMp8','5HILMDCFQ4_QWKDJCOLEP','Rainbow LED Backlit Keyboard','Upgrade your home theater setup with our Rainbow LED Backlit Keyboard. Featuring comfortable keys, customizable lighting, and a sleek, vaporwave-inspired design, this keyboard is perfect for navigating your favorite TV shows and movies in style. New condition. Stock: 15.','j11Z3s84ohAaRaDq7mMp8.webp',6999,'new',NULL,1,'2024-02-01 09:44:05','2024-02-01 16:32:49'),
('JCAn3yeKFL-S5enUTMLyi','IRKM97XD6M_5XGMB5BVX_','Handmade Greeting Card with Embellishments','A beautiful handmade greeting card adorned with various embellishments, perfect for expressing a range of emotions and adding a personal touch to your message. The high-quality paper ensures a long-lasting and durable card.','JCAn3yeKFL-S5enUTMLyi.webp',699,'new',8,3,'2024-02-01 11:00:37','2024-02-01 16:32:49'),
('jhevAS5A8kDFxWImmGwsj','DD136FLO3_M6MGPQ2PAOB','Gardening Gloves','Comfortable and durable gardening gloves with reinforced palms for protection against thorns and rough surfaces. Flexible and breathable.','jhevAS5A8kDFxWImmGwsj.webp',999,'used',NULL,5,'2024-02-01 11:41:43','2024-02-01 16:32:49'),
('JIyvgjMhfK4qctBgUBAN3','F8ZAZJC_IZFX8Z7V9XRUG','Corporate Isometric Labels and Document Holder','New, isometric label pack (50) and document holder. Dull corporate colors, clean surfaces. Hyper-realistic design.','JIyvgjMhfK4qctBgUBAN3.webp',1999,'new',6,4,'2024-02-01 11:11:21','2024-02-01 16:32:49'),
('K1rwYySjrbunevOxa6ZzI','F8ZAZJC_IZFX8Z7V9XRUG','Used Isometric Office Supply Set: Folders, Binders, Labels, Holders','This set includes 4 used isometric file folders, 2 binders, 8 sets of labels, and 1 document holder in a corporate, dull color palette. Each item shows signs of wear and use, adding character to your office space. Used condition.','K1rwYySjrbunevOxa6ZzI.webp',2999,'used',7,4,'2024-02-01 11:08:39','2024-02-01 16:32:49'),
('kRHiaam5Hkh2h_q1jkshZ','3YPYOANPJDRHRBSMF3XWB','Handcrafted Wooden Mallet Set','Our Handcrafted Wooden Mallet Set is a beautiful, functional addition to any woodworking workshop. With a vintage design and a variety of sizes and shapes, each mallet is perfect for driving nails, fitting parts, and finishing your projects in style. The natural wood finish adds warmth and character.','kRHiaam5Hkh2h_q1jkshZ.webp',14999,'new',6,5,'2024-02-01 11:33:15','2024-02-01 16:32:49'),
('LBtWwNh0j5Wj32oc-MFQZ','5HILMDCFQ4_QWKDJCOLEP','Pink Marble TV Mount','Mount your TV securely and stylishly with our Pink Marble TV Mount. Featuring a sleek, vaporwave-inspired design and made from high-quality materials, this mount is perfect for securing TVs up to 75 inches. Used condition. Stock: 8.','LBtWwNh0j5Wj32oc-MFQZ.webp',6999,'used',NULL,1,'2024-02-01 09:44:20','2024-02-01 16:32:49'),
('m_sCLIQTk4x1vA5L6QtYe','IRKM97XD6M_5XGMB5BVX_','Handmade Floral Journal','A beautiful handmade floral journal with a unique cover design, perfect for recording your thoughts, ideas, and daily reflections. The high-quality paper ensures a smooth writing experience.','m_sCLIQTk4x1vA5L6QtYe.webp',1599,'new',7,3,'2024-02-01 11:00:02','2024-02-01 16:32:49'),
('M-JwBVRPS8v1FYJhtPLHP','DD136FLO3_M6MGPQ2PAOB','Vintage Garden Tool Set','Add character to your garden with our Vintage Garden Tool Set! This beautifully worn, handcrafted collection includes a rake, shovel, and hoe, each adorned with intricate designs and patina. Perfect for those who want to bring a touch of nostalgia to their outdoor space.','M-JwBVRPS8v1FYJhtPLHP.webp',6999,'used',7,5,'2024-02-01 11:37:19','2024-02-01 16:32:49'),
('M6zmtz5xgIAzClEmsl52y','JTLVH3VYDZTF6PVLQWYKB','Disposable USB-C Batteries','Never run out of power again with our Disposable USB-C Batteries. These compact batteries provide an additional charge on the go, making them perfect for long trips or emergencies. Used condition, in stock: 10.','M6zmtz5xgIAzClEmsl52y.webp',1499,'used',NULL,1,'2024-02-01 09:54:03','2024-02-01 16:32:49'),
('mc87f7ekgUg5BwBklUfIg','5HILMDCFQ4_QWKDJCOLEP','Mint Green TV Stand','Keep all your TV and accessories organized and stylish with our Mint Green TV Stand. Crafted from durable materials and featuring a sleek, vaporwave-inspired design, this stand can hold a TV up to 60 inches and a variety of accessories. Used condition. Stock: 54.','mc87f7ekgUg5BwBklUfIg.webp',9999,'used',NULL,1,'2024-02-01 09:43:49','2024-02-01 16:32:49'),
('mDF6RcpHm-wubHGNo-jqh','TDPEAFPV6CENWW3CPN8EW','Amber and Crystal Pendant Necklace','Handmade amber and crystal pendant necklace with a natural, earthy feel. The combination of amber and crystals adds a touch of sophistication and beauty to this timeless accessory.','mDF6RcpHm-wubHGNo-jqh.webp',9999,'used',4,3,'2024-02-01 11:05:11','2024-02-01 16:32:49'),
('mlTFTOQNhqas3mKTJoNg2','3YPYOANPJDRHRBSMF3XWB','Tropical Mahogany Wood Plane','Our Tropical Mahogany Wood Plane is a beautiful, functional piece of woodworking equipment. With a sleek, vintage design and smooth, efficient glide, it''s an essential tool for shaping and smoothing wood. The mahogany finish adds an elegant touch to any workshop.','mlTFTOQNhqas3mKTJoNg2.webp',12999,'new',8,5,'2024-02-01 11:31:36','2024-02-01 16:32:49'),
('mvzcsrHLQWZZUPZand-VO','NEQMPVCMMOTSFITWZWXMR','Futuristic Fluffie X-900 Robotic Pet','Meet Fluffie X-900, your new futuristic robotic companion! With soft, plastic fur and expressive LED eyes, this robotic pet brings joy and companionship to your home. Interact with Fluffie using the included remote control, or let it entertain you with pre-programmed tricks. Perfect for kids and adults alike!','mvzcsrHLQWZZUPZand-VO.webp',4999,'new',15,1,'2024-02-01 10:13:23','2024-02-01 16:32:49'),
('nnFLLZKB6J1fLRt1z5l6e','NEQMPVCMMOTSFITWZWXMR','CuddlyBot 3000 Used Robotic Pet','Great deal on a gently used CuddlyBot 3000 robotic pet! This cute, plastic companion features interactive capabilities, including voice recognition and pre-programmed tricks. With soft, plush fur and expressive LED eyes, it''s the perfect addition to your home. Please note: some signs of prior use may be present.','nnFLLZKB6J1fLRt1z5l6e.webp',1999,'used',7,1,'2024-02-01 10:13:42','2024-02-01 16:32:49'),
('nZNl4LnTjuzPWeElGj5q8','3YPYOANPJDRHRBSMF3XWB','Cherry Wood Router Table','Our Cherry Wood Router Table offers a smooth, efficient way to create perfectly even cuts and edges in your woodworking projects. With a sleek, vintage design and ample workspace, it''s an essential addition to any workshop. The cherry wood finish adds a touch of elegance and sophistication.','nZNl4LnTjuzPWeElGj5q8.webp',99999,'new',1,5,'2024-02-01 11:32:58','2024-02-01 16:32:49'),
('o3wSrNjoQW5-hxS8sTkmO','TDPEAFPV6CENWW3CPN8EW','Wispy Willow Branch Bracelet','Handwoven willow branch bracelet with delicate beads and crystals. The natural beauty of the willow branch is enhanced by the sparkling adornments, making this a must-have accessory for nature lovers.','o3wSrNjoQW5-hxS8sTkmO.webp',1999,'used',7,3,'2024-02-01 11:04:32','2024-02-01 16:32:49'),
('oIKPhKESunZZ3oXesv-tz','QOJCOJZWOQZDUFCWFFPTL','Vintage Ironing Set - Used','Step back in time with this charming vintage ironing set. Featuring a rustic wooden ironing board with foldable legs and an antique cast-iron steam iron, this set exudes a timeless appeal. Though pre-owned, it has been carefully inspected and cleaned to ensure it functions effectively. Reignite the art of ironing with this nostalgic and functional set.','oIKPhKESunZZ3oXesv-tz.webp',3999,'used',7,2,'2024-02-01 10:42:04','2024-02-01 16:32:49'),
('on0dg3PuULcFAtD6lon31','VDN6SHRCV4GVH3FA5R5JT','Traditional-Design Heated Cushion','Add a touch of Japanese elegance to your home with our heated cushion, designed to bring warmth and comfort to your seating area. Adjustable heat settings and a sleek design make it a perfect addition.','on0dg3PuULcFAtD6lon31.webp',3999,'used',2,2,'2024-02-01 10:51:34','2024-02-01 16:32:49'),
('oxat2-Im09ms3HYVIpvnM','F8ZAZJC_IZFX8Z7V9XRUG','Used Document Holder Set','Used document holders (3) set. Dull, corporate colors, worn surfaces. Hyper-realistic design.','oxat2-Im09ms3HYVIpvnM.webp',1499,'used',8,4,'2024-02-01 11:10:33','2024-02-01 16:32:49'),
('p8SvG-5pHjNCBgObi_F7b','QOJCOJZWOQZDUFCWFFPTL','Traditional Japanese Wooden Ironing Board','Experience the authentic Japanese ironing tradition with this beautiful, wooden ironing board. Its sturdy construction and smooth, large surface makes ironing a pleasure. Dimensions: 66cm(H) x 105cm(L) x 42cm(W).','p8SvG-5pHjNCBgObi_F7b.webp',7999,'new',43,2,'2024-02-01 10:44:48','2024-02-01 16:32:49'),
('pcfyZr3TPXH9e3BKYHVZs','Q8VYDDKZF0Z9UR4KZDZQN','Floral Sticky Notes: Set of 50','Add a touch of nature to your notes with these floral sticky notes. Each note has a different floral design and comes in a set of 50. Perfect for jotting down reminders or leaving motivational messages for yourself or others.','pcfyZr3TPXH9e3BKYHVZs.webp',599,'new',8,4,'2024-02-01 11:19:00','2024-02-01 16:32:49'),
('pDOO0TT-qs4vYhQHekmWS','VDN6SHRCV4GVH3FA5R5JT','Electric Heating Pad','Our electric heating pad offers targeted relief and warmth for various body areas, including the back, shoulders, and feet. Adjustable heat settings and a sleek design make it a versatile addition to your home.','pDOO0TT-qs4vYhQHekmWS.webp',3499,'used',15,2,'2024-02-01 10:52:38','2024-02-01 16:32:49'),
('pkfr4yKU-EVzhxnyhR0JA','Q8VYDDKZF0Z9UR4KZDZQN','Colored Notepads: Set of 3','Add some fun to your note-taking with this set of colored notepads. Each notepad has 50 sheets and comes in a different color: pink, blue, and yellow. Perfect for brightening up your desk or inspiring creativity.','pkfr4yKU-EVzhxnyhR0JA.webp',899,'new',NULL,4,'2024-02-01 11:18:46','2024-02-01 16:32:49'),
('pL4CjreYnuvMWXOb9DCi9','TDPEAFPV6CENWW3CPN8EW','Vintage Amber Bracelet','Authentic vintage amber bracelet, handmade with love. Each bead is unique and comes with its own character and history. Wear this timeless piece to add an air of sophistication and charm to your look.','pL4CjreYnuvMWXOb9DCi9.webp',5999,'used',6,3,'2024-02-01 11:02:56','2024-02-01 16:32:49'),
('PokUzkOq00x0Fm5xf7spO','NEQMPVCMMOTSFITWZWXMR','Slimline S-15 Drone with Long Flight Time','The S-15 Drone is perfect for those who want to explore for longer periods of time. With a battery life of up to 45 minutes, this drone can cover more ground than most. Its slimline design is both stylish and efficient, reducing wind resistance for improved stability. Available in new condition with a stock of 62.','PokUzkOq00x0Fm5xf7spO.webp',59999,'new',62,1,'2024-02-01 10:12:07','2024-02-01 16:32:49'),
('ppl38HlGtAIyaP_1X3A7y','TDPEAFPV6CENWW3CPN8EW','Emerald and Gold Hoop Earrings','Handcrafted emerald and gold hoop earrings with a luxurious touch. The vibrant green emeralds and gold detailing add a touch of glamour and sophistication to these classic earrings.','ppl38HlGtAIyaP_1X3A7y.webp',19999,'new',NULL,3,'2024-02-01 11:06:08','2024-02-01 16:32:49'),
('Pu6o-v5tDhr3YxCyU4GR_','JTLVH3VYDZTF6PVLQWYKB','LED-Illuminated Phone Stand','Upgrade your desk setup with our LED-Illuminated Phone Stand. This stylish stand not only holds your phone but also features LED lights, adding a futuristic touch to your workspace. New condition, in stock: 1.','Pu6o-v5tDhr3YxCyU4GR_.webp',2199,'new',NULL,1,'2024-02-01 09:54:29','2024-02-01 16:32:49'),
('QF9tWPAFfgceHyNABKyQi','6MWGJA8FW_1EHY2ZUGVVM','New Compact Countertop Oven and Air Fryer Combo','Compact yet powerful, this New Countertop Oven and Air Fryer Combo is perfect for small kitchens or busy households. Features multiple cooking functions including air fry, convection bake, broil, and toast. Its sleek and compact design fits effortlessly on any countertop. Easy to use with digital controls and a non-stick interior.','QF9tWPAFfgceHyNABKyQi.webp',14999,'new',15,2,'2024-02-01 10:35:53','2024-02-01 16:32:49'),
('QfUlrIRCybl8V8dRAHGeK','VDN6SHRCV4GVH3FA5R5JT','Heated Coaster Set','Stay warm and stylish with our heated coaster set, designed to keep your drinks warm while you relax. Handcrafted with Japanese attention to detail and functionality.','QfUlrIRCybl8V8dRAHGeK.webp',1999,'new',53,2,'2024-02-01 10:52:23','2024-02-01 16:32:49'),
('RLpvXsU0sVW_HpYUq16ME','6MWGJA8FW_1EHY2ZUGVVM','Compact Countertop Convection Oven','Bake, roast, and broil your favorite dishes with our compact countertop convection oven. This energy-efficient appliance is perfect for small spaces and features adjustable temperature control and a non-stick interior. Capacity: 18L. Dimensions: 25 x 20 x 30 cm.','RLpvXsU0sVW_HpYUq16ME.webp',14999,'new',53,2,'2024-02-01 10:39:22','2024-02-01 16:32:49'),
('s1PyKRJniJDiAnyrFlUTj','QOJCOJZWOQZDUFCWFFPTL','Modern Japanese Stackable Washer-Dryer','Space-saving and efficient, this modern Japanese stackable washer-dryer combines the benefits of both appliances in one. With a sleek design and advanced features, it will revolutionize your laundry routine.','s1PyKRJniJDiAnyrFlUTj.webp',129999,'new',21,2,'2024-02-01 10:44:33','2024-02-01 16:32:49'),
('sHTLNLRJY-o07P2FduRIR','IRKM97XD6M_5XGMB5BVX_','Handmade Bookmark with Quote','A handmade bookmark adorned with a motivational quote, perfect for marking your place in a book and inspiring you to keep reading. The high-quality paper ensures a long-lasting and durable bookmark.','sHTLNLRJY-o07P2FduRIR.webp',499,'new',20,3,'2024-02-01 11:00:16','2024-02-01 16:32:49'),
('THCJ4Fgp0W9gahBBN8Ws1','QOJCOJZWOQZDUFCWFFPTL','Antique Japanese Iron','Add a touch of history to your home with this antique Japanese iron. Featuring a unique design and excellent heat retention, it is a collector''s item and a functional piece of art.','THCJ4Fgp0W9gahBBN8Ws1.webp',19999,'used',NULL,2,'2024-02-01 10:45:28','2024-02-01 16:32:49'),
('tiMboSxNScqjUJjGC0emI','DD136FLO3_M6MGPQ2PAOB','Seedling Trays and Plastic Pots Set','Set of 6 reusable seedling trays and 24 plastic pots for starting your vegetable, herb, and flower seedlings. Made from BPA-free plastic.','tiMboSxNScqjUJjGC0emI.webp',1599,'new',50,5,'2024-02-01 11:41:28','2024-02-01 16:32:49'),
('uH1nkgpeB50KvXdkXDyW-','VDN6SHRCV4GVH3FA5R5JT','Electric Foot Warmer','Keep your feet toasty and warm with our compact and efficient electric foot warmer. Simple to use and highly effective, it''s the perfect addition to your daily routine.','uH1nkgpeB50KvXdkXDyW-.webp',2999,'new',21,2,'2024-02-01 10:51:54','2024-02-01 16:32:49'),
('UWhBZAxTsk0ysU8ZE6MW8','IRKM97XD6M_5XGMB5BVX_','Handmade Greeting Card Set','A set of six handmade greeting cards, each with a unique design and message. These cards are perfect for expressing a range of emotions and are great for sending to friends and family.','UWhBZAxTsk0ysU8ZE6MW8.webp',999,'new',35,3,'2024-02-01 10:59:46','2024-02-01 16:32:49'),
('VEl_iAk9gDxVKOkOa_FMR','TDPEAFPV6CENWW3CPN8EW','Celestial Star Necklace','Handmade star necklace featuring genuine Swarovski crystals and intricate silver designs. The celestial theme adds an otherworldly charm to this elegant accessory.','VEl_iAk9gDxVKOkOa_FMR.webp',12999,'new',5,3,'2024-02-01 11:04:12','2024-02-01 16:32:49'),
('vppMCotID62leDHacF0ry','Q8VYDDKZF0Z9UR4KZDZQN','Nature''s Notepad: Forest Green','Experience the harmony of writing in the woods with this forest green notepad. Each page is blank, waiting for your inspiration. Made with eco-friendly materials and perfect for jotting down ideas or to-do lists. 32 pages.','vppMCotID62leDHacF0ry.webp',499,'new',15,4,'2024-02-01 11:18:14','2024-02-01 16:32:49'),
('W3PvhwBsiKvERdjQo1f-0','IRKM97XD6M_5XGMB5BVX_','Hand-Lettered Journal with Ribbon','A beautiful hand-lettered journal with a ribbon closure, perfect for jotting down thoughts, ideas, or daily reflections. The high-quality paper ensures a smooth writing experience.','W3PvhwBsiKvERdjQo1f-0.webp',1299,'new',NULL,3,'2024-02-01 10:59:11','2024-02-01 16:32:49'),
('wbc6x4-1G5RbGxSqpGZgc','DD136FLO3_M6MGPQ2PAOB','Ceramic Garden Gnome','Cute and whimsical garden gnome statue made of ceramic. Adds charm and character to your garden. Size: 12 inches tall.','wbc6x4-1G5RbGxSqpGZgc.webp',1499,'new',6,5,'2024-02-01 11:40:58','2024-02-01 16:32:49'),
('whKGzJVwYTCvzKlAHkOaT','TDPEAFPV6CENWW3CPN8EW','Mystical Moonstone Handcrafted Earrings','Handmade earrings featuring genuine moonstone gemstones in a mystical setting. Delicately crafted with intricate designs, these earrings add an enchanting touch to any outfit. Each piece is unique, making yours a true work of art.','whKGzJVwYTCvzKlAHkOaT.webp',2999,'new',15,3,'2024-02-01 11:02:37','2024-02-01 16:32:49'),
('wiwI3GjcwQTXxnn-GZJIt','5HILMDCFQ4_QWKDJCOLEP','Holographic Blu-ray Player','Take your movie nights to the next level with our Holographic Blu-ray Player. Featuring 4K Ultra HD resolution, built-in Wi-Fi, and a stunning, vaporwave-inspired design, this player delivers breathtaking picture and sound quality. New condition. Stock: null.','wiwI3GjcwQTXxnn-GZJIt.webp',39999,'new',NULL,1,'2024-02-01 09:43:33','2024-02-01 16:32:49'),
('X-QlZWpD98Tx6rSQZbtNF','VDN6SHRCV4GVH3FA5R5JT','Japanese-Style Heated Blanket with Cherry Blossoms','Experience the ultimate coziness with our traditional Japanese-style electric blanket, adorned with intricate cherry blossom design. Heats up quickly and evenly, providing comfort all night long. Perfect for those cold winter nights.','X-QlZWpD98Tx6rSQZbtNF.webp',14999,'new',52,2,'2024-02-01 10:48:09','2024-02-01 16:32:49'),
('X0j6Z0kYA6xZaOub0GBVF','DD136FLO3_M6MGPQ2PAOB','Compost Bin','Eco-friendly compost bin made from recycled plastic. Holds up to 1 cubic yard of compost. Helps turn kitchen and yard waste into nutrient-rich soil.','X0j6Z0kYA6xZaOub0GBVF.webp',6999,'used',4,5,'2024-02-01 11:40:41','2024-02-01 16:32:49'),
('XdbjcQ2osrB25iub8_dD_','NEQMPVCMMOTSFITWZWXMR','MoonieBot Prime Robotic Pet','Experience the next level of robotic pets with MoonieBot Prime! This advanced companion features realistic fur texture, voice recognition, and an extensive library of pre-programmed tricks. With its cute, futuristic design and expressive LED eyes, MoonieBot Prime is sure to bring excitement and companionship to your home.','XdbjcQ2osrB25iub8_dD_.webp',29999,'new',22,1,'2024-02-01 10:14:04','2024-02-01 16:32:49'),
('XHdDyQ3B_ZwYyyQnU9yKz','6MWGJA8FW_1EHY2ZUGVVM','Vintage Microwave Oven - Used','Add a touch of retro charm to your kitchen with our vintage microwave oven. This classic appliance has been thoroughly inspected and refurbished, ensuring it is in good working condition. Capacity: 20L. Dimensions: 45 x 30 x 30 cm. Comes with a 30-day warranty.','XHdDyQ3B_ZwYyyQnU9yKz.webp',2999,'used',7,2,'2024-02-01 10:38:26','2024-02-01 16:32:49'),
('xRTOBXR8BaC1C-HtcWyWi','NEQMPVCMMOTSFITWZWXMR','Retro R-12 Drone for Beginners','Looking for an affordable drone to start with? Look no further than the R-12! This drone is perfect for beginners, with easy-to-use controls and durable construction. Its retro design, reminiscent of older drones, is sure to turn heads. The R-12 comes in used condition and has a stock of 17.','xRTOBXR8BaC1C-HtcWyWi.webp',3999,'used',17,1,'2024-02-01 10:11:49','2024-02-01 16:32:49'),
('Xsv_lhBipNVY5gZx7ysDp','Q8VYDDKZF0Z9UR4KZDZQN','Printer Paper: A4, 250 Sheets','Stock up on printer paper with this pack of 250 A4 sheets. Suitable for use in lasers and inkjet printers, this paper is high-quality and ideal for printing documents, reports, or presentations. Don''t run out of paper again!','Xsv_lhBipNVY5gZx7ysDp.webp',1299,'new',76,4,'2024-02-01 11:19:32','2024-02-01 16:32:49'),
('xUv2vUZyQYfzhC5E2Y1Aw','JTLVH3VYDZTF6PVLQWYKB','Glow-in-the-Dark Phone Case','Protect and add a touch of fun to your phone with our Glow-in-the-Dark Phone Case. This transparent case features a swirling neon design that glows in the dark, making it a must-have accessory for cyberpunk fans. New condition, in stock: 5.','xUv2vUZyQYfzhC5E2Y1Aw.webp',1499,'new',NULL,1,'2024-02-01 09:52:53','2024-02-01 16:32:49'),
('xwegccbZi2lrXoSQrFebO','Q8VYDDKZF0Z9UR4KZDZQN','Quote Notepads: Set of 3','Get inspired with these quote notepads, featuring uplifting and motivational quotes on each page. Each notepad has 25 pages and comes in a set of 3. Perfect for jotting down thoughts, ideas, and goals to keep you motivated.','xwegccbZi2lrXoSQrFebO.webp',999,'new',67,4,'2024-02-01 11:20:06','2024-02-01 16:32:49'),
('YDy7hSQNIhI-2xT4WG_Rm','DD136FLO3_M6MGPQ2PAOB','Forest Floor Seed Set','Start your garden with our Forest Floor Seed Set! Includes a variety of seeds for flowers and veggies, inspired by the biodiversity of a forest floor. Nurture your green thumb with our eco-friendly, biodegradable seed pots.','YDy7hSQNIhI-2xT4WG_Rm.webp',1999,'new',50,5,'2024-02-01 11:37:03','2024-02-01 16:32:49'),
('z7qEepSQK8_iix_ot-1Uw','F8ZAZJC_IZFX8Z7V9XRUG','New Isometric File Holder Set','New, isometric file holder set (15). Dull corporate colors, clean surfaces. Hyper-realistic design.','z7qEepSQK8_iix_ot-1Uw.webp',2999,'new',10,4,'2024-02-01 11:10:48','2024-02-01 16:32:49'),
('zFuucF4NzOHBiHRR4KUku','IRKM97XD6M_5XGMB5BVX_','Pastel Isometric Calendar','A handmade pastel isometric calendar featuring eleven unique designs, perfect for organizing your monthly tasks and appointments. The hyper-realistic art style adds an artistic touch to your daily planning.','zFuucF4NzOHBiHRR4KUku.webp',1499,'new',6,3,'2024-02-01 10:59:27','2024-02-01 16:32:49'),
('zKCihKkKv6IdpFHKexEYC','JTLVH3VYDZTF6PVLQWYKB','RetroCharge Classic USB Cable','Embrace the old-school charm with our RetroCharge Classic USB Cable. This 6ft long cable features a traditional design with a modern twist, making it a perfect addition to your cyberpunk setup. Its durable construction ensures long-lasting use, while its compatibility with all USB devices makes it a versatile and essential accessory.','zKCihKkKv6IdpFHKexEYC.webp',499,'used',8,1,'2024-02-01 09:50:03','2024-02-01 16:32:49'),
('ZsNzQg-WRUCXX6hLrDJqr','TDPEAFPV6CENWW3CPN8EW','Rose Quartz Charm Bracelet','Handmade rose quartz charm bracelet with a feminine touch. The delicate charms and rose quartz stones add a touch of charm and elegance to this timeless accessory.','ZsNzQg-WRUCXX6hLrDJqr.webp',4999,'used',2,3,'2024-02-01 11:05:53','2024-02-01 16:32:49');


INSERT INTO "ep_catalogProduct"("catalogId","productId","createdAt","updatedAt") VALUES
('-LGSmc0sPWLIrJVODxHKF','AyVTy6pF8pVg4vD96vSO5','2024-02-01 14:54:09',NULL),
('-LGSmc0sPWLIrJVODxHKF','Dz00zOL8AWHr1Ub-o5o8u','2024-02-01 14:54:09',NULL),
('-LGSmc0sPWLIrJVODxHKF','p8SvG-5pHjNCBgObi_F7b','2024-02-01 14:54:09',NULL),
('0rIzVnypT7LgG6uHgxX9M','0D7ZRMkaT1lBu2Tm7purS','2024-02-01 16:32:29',NULL),
('0rIzVnypT7LgG6uHgxX9M','7x7q4vKVUOKMryKTuahKT','2024-02-01 16:32:29',NULL),
('0rIzVnypT7LgG6uHgxX9M','X-QlZWpD98Tx6rSQZbtNF','2024-02-01 16:32:29',NULL),
('2JGLrXcXwubeo5wLB8Erk','HRuJ5X2sRcNOJghviFYVv','2024-02-01 14:10:35',NULL),
('2JGLrXcXwubeo5wLB8Erk','QF9tWPAFfgceHyNABKyQi','2024-02-01 14:10:35',NULL),
('2JGLrXcXwubeo5wLB8Erk','RLpvXsU0sVW_HpYUq16ME','2024-02-01 14:10:35',NULL),
('2JGLrXcXwubeo5wLB8Erk','XHdDyQ3B_ZwYyyQnU9yKz','2024-02-01 14:10:35',NULL),
('78XkED1tfb-qWn4T5iEi3','_sFfd6LBmWnm5ghEYVXWk','2024-02-01 16:46:16',NULL),
('78XkED1tfb-qWn4T5iEi3','JCAn3yeKFL-S5enUTMLyi','2024-02-01 16:46:16',NULL),
('78XkED1tfb-qWn4T5iEi3','UWhBZAxTsk0ysU8ZE6MW8','2024-02-01 16:46:16',NULL),
('8U-eP18dMUSlyhDRFBxZL','hvQZv39G60MZrofAFFnXO','2024-02-01 13:54:47',NULL),
('8U-eP18dMUSlyhDRFBxZL','Pu6o-v5tDhr3YxCyU4GR_','2024-02-01 13:54:47',NULL),
('8U-eP18dMUSlyhDRFBxZL','xUv2vUZyQYfzhC5E2Y1Aw','2024-02-01 13:54:47',NULL),
('8U-eP18dMUSlyhDRFBxZL','zKCihKkKv6IdpFHKexEYC','2024-02-01 13:54:47',NULL),
('AVLggxsBbKWBQOQxsw4mB','F0nU2l72JTEO0RuD_LDTx','2024-02-01 13:51:13',NULL),
('AVLggxsBbKWBQOQxsw4mB','gIbzDXs4aAKvWGGg5EzRs','2024-02-01 13:51:13',NULL),
('b_W7wTCCX-CYjxJdEIzsz','gMq12XmuvE18rSseGNzT9','2024-02-01 14:00:34',NULL),
('b_W7wTCCX-CYjxJdEIzsz','PokUzkOq00x0Fm5xf7spO','2024-02-01 14:00:34',NULL),
('b_W7wTCCX-CYjxJdEIzsz','xRTOBXR8BaC1C-HtcWyWi','2024-02-01 14:00:34',NULL),
('c2-3BZjZEzoZelsI692Zh','1cQgT4pSy_Qrme_N5MHRt','2024-02-01 17:00:51',NULL),
('c2-3BZjZEzoZelsI692Zh','htOvpCvx2hbNFfUM71W3b','2024-02-01 17:00:51',NULL),
('c2-3BZjZEzoZelsI692Zh','pkfr4yKU-EVzhxnyhR0JA','2024-02-01 17:00:51',NULL),
('c2-3BZjZEzoZelsI692Zh','vppMCotID62leDHacF0ry','2024-02-01 17:00:51',NULL),
('c2-3BZjZEzoZelsI692Zh','xwegccbZi2lrXoSQrFebO','2024-02-01 17:00:51',NULL),
('CoMFgslX3b29ijBb0BzRn','gu6I3-lQiZ_ryY_TZUjqz','2024-02-01 17:01:45',NULL),
('CoMFgslX3b29ijBb0BzRn','HnAOkl8koJamir6MriUvp','2024-02-01 17:01:45',NULL),
('cXeol0zapStjfySq239wn','-QyRALvsK3nPzhnUBQbaN','2024-02-01 16:51:54',NULL),
('cXeol0zapStjfySq239wn','ceHvmk-KIpLDUayvOedlj','2024-02-01 16:51:54',NULL),
('cXeol0zapStjfySq239wn','gUTn3bU9lJ3PPjhldycrY','2024-02-01 16:51:54',NULL),
('cXeol0zapStjfySq239wn','ppl38HlGtAIyaP_1X3A7y','2024-02-01 16:51:54',NULL),
('cXeol0zapStjfySq239wn','whKGzJVwYTCvzKlAHkOaT','2024-02-01 16:51:54',NULL),
('d08arz3yKTKnlB3CBMfR4','-FyaYgyYaAka3Ix7msvMY','2024-02-01 13:41:34',NULL),
('d08arz3yKTKnlB3CBMfR4','EvATnTr4NNCnAndvDSo0q','2024-02-01 13:41:34',NULL),
('d08arz3yKTKnlB3CBMfR4','wiwI3GjcwQTXxnn-GZJIt','2024-02-01 13:41:34',NULL),
('eNWq1lT3kSZVasRTCasvW','Hb_T9euziG9JPMvhvgj7D','2024-02-01 14:54:48',NULL),
('eNWq1lT3kSZVasRTCasvW','THCJ4Fgp0W9gahBBN8Ws1','2024-02-01 14:54:48',NULL),
('EsTbD0LGBF7Zege41HGQ3','mDF6RcpHm-wubHGNo-jqh','2024-02-01 16:51:19',NULL),
('EsTbD0LGBF7Zege41HGQ3','o3wSrNjoQW5-hxS8sTkmO','2024-02-01 16:51:19',NULL),
('EsTbD0LGBF7Zege41HGQ3','pL4CjreYnuvMWXOb9DCi9','2024-02-01 16:51:19',NULL),
('EsTbD0LGBF7Zege41HGQ3','VEl_iAk9gDxVKOkOa_FMR','2024-02-01 16:51:19',NULL),
('EsTbD0LGBF7Zege41HGQ3','ZsNzQg-WRUCXX6hLrDJqr','2024-02-01 16:51:19',NULL),
('f341bVQYGIhH4yPyGTHpV','132D1QE6DzDlZ-8agOb16','2024-02-01 14:07:31',NULL),
('f341bVQYGIhH4yPyGTHpV','5ahAL2SXNKeD8eIb_2WgA','2024-02-01 14:07:31',NULL),
('f341bVQYGIhH4yPyGTHpV','ESN3NH7FBlFqtZaY5TF2L','2024-02-01 14:07:31',NULL),
('gukKcDPEIjbWoW6MUbaTc','132D1QE6DzDlZ-8agOb16','2024-02-01 14:09:53',NULL),
('gukKcDPEIjbWoW6MUbaTc','5ahAL2SXNKeD8eIb_2WgA','2024-02-01 14:09:53',NULL),
('gukKcDPEIjbWoW6MUbaTc','7A_WfoEfGARL3gXS8p2ss','2024-02-01 14:09:53',NULL),
('gukKcDPEIjbWoW6MUbaTc','QF9tWPAFfgceHyNABKyQi','2024-02-01 14:09:53',NULL),
('hosK56GY3yRyGXvnD6vYE','eCuBgQ8RGzcWCSISCPmUK','2024-02-01 16:47:22',NULL),
('hosK56GY3yRyGXvnD6vYE','zFuucF4NzOHBiHRR4KUku','2024-02-01 16:47:22',NULL),
('jzYF0S2aXB9W4YA9HJa5w','62jIdGZaocGxY4GRbuzIc','2024-02-01 13:37:44',NULL),
('jzYF0S2aXB9W4YA9HJa5w','9EI4j8qGxfoeoT05IMye5','2024-02-01 13:37:44',NULL),
('KyM9f1sEWJqVmAuTmUNH9','-y2XA5aYPJCytuKIrwdyP','2024-02-01 14:13:29',NULL),
('KyM9f1sEWJqVmAuTmUNH9','88j9IHXhfN3MG4BZwzaCx','2024-02-01 14:13:29',NULL),
('KyM9f1sEWJqVmAuTmUNH9','ax7FjYNjail08MrBdcNaR','2024-02-01 14:13:29',NULL),
('KyM9f1sEWJqVmAuTmUNH9','s1PyKRJniJDiAnyrFlUTj','2024-02-01 14:13:29',NULL),
('N5dbLHaLt8lRjEKa7jHB9','hs9Jcr9yMibFSmjgNJJsp','2024-02-01 17:07:12',NULL),
('N5dbLHaLt8lRjEKa7jHB9','kRHiaam5Hkh2h_q1jkshZ','2024-02-01 17:07:12',NULL),
('N5dbLHaLt8lRjEKa7jHB9','nZNl4LnTjuzPWeElGj5q8','2024-02-01 17:07:12',NULL),
('oFOZCm7rcTu8bGhdysUti','d9rmDsPh4Ratd4KiwDBwX','2024-02-01 14:00:08',NULL),
('oFOZCm7rcTu8bGhdysUti','FgCLJGkACAZAmR8Uolryw','2024-02-01 14:00:08',NULL),
('oFOZCm7rcTu8bGhdysUti','mvzcsrHLQWZZUPZand-VO','2024-02-01 14:00:08',NULL),
('oFOZCm7rcTu8bGhdysUti','nnFLLZKB6J1fLRt1z5l6e','2024-02-01 14:00:08',NULL),
('oFOZCm7rcTu8bGhdysUti','XdbjcQ2osrB25iub8_dD_','2024-02-01 14:00:08',NULL),
('QiViaFx65wGwuSO2vOjTM','7EGJQNAyQFIDVPJW6sCJI','2024-02-01 17:09:30',NULL),
('QiViaFx65wGwuSO2vOjTM','CubIlcEi0UDw2P03OHJmV','2024-02-01 17:09:30',NULL),
('QiViaFx65wGwuSO2vOjTM','tiMboSxNScqjUJjGC0emI','2024-02-01 17:09:30',NULL),
('QiViaFx65wGwuSO2vOjTM','YDy7hSQNIhI-2xT4WG_Rm','2024-02-01 17:09:30',NULL),
('rlcK2FygNxkFiIwGUkLS6','pcfyZr3TPXH9e3BKYHVZs','2024-02-01 17:02:16',NULL),
('rlcK2FygNxkFiIwGUkLS6','Xsv_lhBipNVY5gZx7ysDp','2024-02-01 17:02:16',NULL),
('S2tEK8ICQDOuHGmcpVtO1','cBtxKqoeYwDLkp8UqTaUs','2024-02-01 16:34:12',NULL),
('S2tEK8ICQDOuHGmcpVtO1','GZ8a9Y1PamPI82ISnSx_q','2024-02-01 16:34:12',NULL),
('S2tEK8ICQDOuHGmcpVtO1','on0dg3PuULcFAtD6lon31','2024-02-01 16:34:12',NULL),
('S2tEK8ICQDOuHGmcpVtO1','uH1nkgpeB50KvXdkXDyW-','2024-02-01 16:34:12',NULL),
('S7WkJtT02MTn7y7eSHQ0t','1jh7KF3wn29VXKTsn1ULP','2024-02-01 16:46:25',NULL),
('S7WkJtT02MTn7y7eSHQ0t','apXxSVuQ0-ud4dFFOcgyf','2024-02-01 16:46:25',NULL),
('S7WkJtT02MTn7y7eSHQ0t','sHTLNLRJY-o07P2FduRIR','2024-02-01 16:46:25',NULL),
('SEg6GtQr3LDvU9ylral0V','3MVLzG-J2OddmV8qBaVHu','2024-02-01 16:53:44',NULL),
('SEg6GtQr3LDvU9ylral0V','awD1iMIv5mW6edxVSx6fO','2024-02-01 16:53:44',NULL),
('SEg6GtQr3LDvU9ylral0V','dhYSdz1QPL0wisQfQv6rE','2024-02-01 16:53:44',NULL),
('SEg6GtQr3LDvU9ylral0V','K1rwYySjrbunevOxa6ZzI','2024-02-01 16:53:44',NULL),
('SQLn98hxLFLplNO0CBZ9o','m_sCLIQTk4x1vA5L6QtYe','2024-02-01 16:47:01',NULL),
('SQLn98hxLFLplNO0CBZ9o','W3PvhwBsiKvERdjQo1f-0','2024-02-01 16:47:01',NULL),
('TKhy8D8cH_Ko3c35cEYoA','_L9dwDRBIgAp-kmfqn6pU','2024-02-01 17:05:14',NULL),
('TKhy8D8cH_Ko3c35cEYoA','4CG2AW1zxqESXSRlmeOm9','2024-02-01 17:05:14',NULL),
('TKhy8D8cH_Ko3c35cEYoA','cIyofQ3EzgSmh4qWBxkw_','2024-02-01 17:05:14',NULL),
('TKhy8D8cH_Ko3c35cEYoA','mlTFTOQNhqas3mKTJoNg2','2024-02-01 17:05:14',NULL),
('UEmzJ8-dFE9jNHa12EdGV','cEklJlB66vfpQmJwK5lm_','2024-02-01 13:42:50',NULL),
('UEmzJ8-dFE9jNHa12EdGV','EvATnTr4NNCnAndvDSo0q','2024-02-01 13:42:50',NULL),
('UEmzJ8-dFE9jNHa12EdGV','j11Z3s84ohAaRaDq7mMp8','2024-02-01 13:42:50',NULL),
('V9wOTqtuUVhtA_CmKlGma','4LWIVZbVXnQg9n3bgETkx','2024-02-01 17:05:37',NULL),
('V9wOTqtuUVhtA_CmKlGma','c_RxOFB0Mug8S5o_lUW4i','2024-02-01 17:05:37',NULL),
('V9wOTqtuUVhtA_CmKlGma','cXE_CobPNtiyNFBC36h0g','2024-02-01 17:05:37',NULL),
('wMvB8W5GCzPEJfh-yUcNM','LBtWwNh0j5Wj32oc-MFQZ','2024-02-01 13:40:38',NULL),
('wMvB8W5GCzPEJfh-yUcNM','mc87f7ekgUg5BwBklUfIg','2024-02-01 13:40:38',NULL),
('Ws4zeYp8UCsQvHsnWhfpn','wbc6x4-1G5RbGxSqpGZgc','2024-02-01 17:09:44',NULL),
('Ws4zeYp8UCsQvHsnWhfpn','X0j6Z0kYA6xZaOub0GBVF','2024-02-01 17:09:44',NULL),
('xvXxY52QbRTxjBkXDAg-z','4t6n2HDQ_Tg7ryq-9UyhT','2024-02-01 13:53:10',NULL),
('xvXxY52QbRTxjBkXDAg-z','dgUyPlS8hWfnNCXBbRo0O','2024-02-01 13:53:10',NULL),
('xvXxY52QbRTxjBkXDAg-z','f5y1Suz6_oo59ILB9i_Xb','2024-02-01 13:53:10',NULL),
('xvXxY52QbRTxjBkXDAg-z','zKCihKkKv6IdpFHKexEYC','2024-02-01 13:53:10',NULL),
('YkNi8K2fmQNkJx1Uzy-tL','dhYSdz1QPL0wisQfQv6rE','2024-02-01 16:53:53',NULL),
('YkNi8K2fmQNkJx1Uzy-tL','eN70cM7Jwj-LHqpR24PLS','2024-02-01 16:53:53',NULL),
('YkNi8K2fmQNkJx1Uzy-tL','K1rwYySjrbunevOxa6ZzI','2024-02-01 16:53:53',NULL),
('zR2CnmwcrgXqMnSRSnRTO','24ksDIq5Q2qesFaA5PQp8','2024-02-01 17:08:57',NULL),
('zR2CnmwcrgXqMnSRSnRTO','9En1QuDVZsA7xL9PIwIhk','2024-02-01 17:08:57',NULL),
('zR2CnmwcrgXqMnSRSnRTO','jhevAS5A8kDFxWImmGwsj','2024-02-01 17:08:57',NULL),
('zR2CnmwcrgXqMnSRSnRTO','M-JwBVRPS8v1FYJhtPLHP','2024-02-01 17:08:57',NULL),
('zy4iiU6xK1l0gu-cSmcym','bpAiR67hJW8noI_QJloaF','2024-02-01 16:54:30',NULL),
('zy4iiU6xK1l0gu-cSmcym','dhYSdz1QPL0wisQfQv6rE','2024-02-01 16:54:30',NULL),
('zy4iiU6xK1l0gu-cSmcym','edBSe1Xlj1DYNuKRuPbKe','2024-02-01 16:54:30',NULL),
('zy4iiU6xK1l0gu-cSmcym','eN70cM7Jwj-LHqpR24PLS','2024-02-01 16:54:30',NULL),
('zy4iiU6xK1l0gu-cSmcym','z7qEepSQK8_iix_ot-1Uw','2024-02-01 16:54:30',NULL);
